Name,Created
Fungi Cell 1,"November 14, 2021 10:46 PM"
Fungi Cell 2,"November 14, 2021 10:46 PM"
Fungi Cell 3,"November 14, 2021 10:46 PM"
Fungi Cell 4,"November 14, 2021 10:46 PM"
Fungi Cell 5,"November 14, 2021 10:46 PM"
Fern Cell 1,"November 14, 2021 10:52 PM"
Fern Cell 2,"November 14, 2021 10:52 PM"
Small intestinal cell from a common frog 1,"November 14, 2021 10:52 PM"
Small intestinal cell from a common frog 2,"November 14, 2021 10:52 PM"
Small intestinal cell from a common frog 3,"November 14, 2021 10:52 PM"
Small intestinal cell from a common frog 4,"November 14, 2021 10:52 PM"
Onion Cell 1,"November 14, 2021 11:04 PM"
Onion Cell 2,"November 14, 2021 11:04 PM"
Onion Cell 3,"November 14, 2021 11:04 PM"
Onion Cell 4,"November 14, 2021 11:04 PM"